Date,ABCINDQ.BO,ACLGATI.BO,ADANIPORTS.BO,ALLCARGO.BO,ASHOKRE.BO,ATL.BO,AVG.BO,AWHCL.BO,BALTE.BO,BINNY.BO,BLUEDART.BO,CARGOSOL.BO,CARGOTRANS.BO,CHLOGIST.BO,CHOWGULSTM.BO,COARO.BO,COASTCORP.BO,CONCOR.BO,CONTAINER.BO,CORPOCO.BO,DELHIVERY.BO,DREAMFOLKS.BO,DREDGECORP.BO,EASTWEST.BO,ESSARSHPNG.BO,FLOMIC.BO,FMNL.BO,FORINTL.BO,FSC.BO,GESHIP.BO,GMRINFRA.BO,GPPL.BO,INDIGO.BO,INTSTOIL.BO,JETAIRWAYS.BO,JETFREIGHT.BO,JITFINFRA.BO,LANCER.BO,MAHLOG.BO,MEGACOR.BO,MEP.BO,MFLINDIA.BO,NATHUEC.BO,NAVKARCORP.BO,NECCLTD.BO,OBCL.BO,PATINTLOG.BO,PRIMEFRESH.BO,RIDDHICORP.BO,RITCO.BO,RUCHINFRA.BO,SANCTRN.BO,SCI.BO,SEACOAST.BO,SHAHISHIP.BO,SHREYAS.BO,SICALLOG.BO,SINDHUTRAD.BO,SMARITIME.BO,SPICEJET.BO,STARLOG.BO,STL.BO,TAALENT.BO,TCI.BO,TCIEXP.BO,TIGERLOGS.BO,TRANSVOY.BO,TVSSCS.BO,VRLLOG.BO,ZOMATO.BO
01-12-2023- 00:00:00,96.5,136.5,834.0,65.76249694824219,4.539999961853027,72.62999725341797,315.3999938964844,508.6499938964844,17.989999771118164,221.25,7120.0,52.0,85.0,4.849999904632568,14.579999923706055,37.630001068115234,259.8500061035156,775.9500122070312,9.359999656677246,2.2699999809265137,392.8500061035156,557.0499877929688,523.9500122070312,8.640000343322754,17.389999389648438,82.9000015258789,5.699999809265137,32.0099983215332,10.989999771118164,875.0499877929688,60.38999938964844,143.0500030517578,2691.85009765625,43.25,58.0099983215332,11.460000038146973,568.0,92.0,360.3500061035156,2.2100000381469727,13.100000381469727,0.7400000095367432,9.800000190734863,95.19000244140625,32.40999984741211,59.959999084472656,17.610000610351562,294.95001220703125,125.4000015258789,256.20001220703125,11.399999618530273,666.0999755859375,146.3000030517578,5.349999904632568,8.170000076293945,286.0,286.8999938964844,28.65999984741211,84.0,45.5,33.4900016784668,71.7699966430664,3269.0,873.9500122070312,1422.8499755859375,536.0,61.5,208.14999389648438,708.0499877929688,118.30000305175781
04-12-2023- 00:00:00,96.5,136.0500030517578,864.0,66.61250305175781,4.539999961853027,72.62999725341797,323.0,493.1000061035156,17.989999771118164,222.0,7127.89990234375,52.0,85.0,5.0,14.050000190734863,39.5099983215332,252.75,801.0,9.359999656677246,2.380000114440918,400.0,560.0499877929688,530.0,8.640000343322754,18.65999984741211,82.9000015258789,5.769999980926514,32.0,10.899999618530273,871.0499877929688,61.75,145.9499969482422,2781.10009765625,41.650001525878906,57.9900016784668,11.779999732971191,545.0,94.0,367.95001220703125,2.2899999618530273,13.100000381469727,0.75,9.609999656677246,95.48999786376953,31.75,60.0,18.25,294.95001220703125,122.9000015258789,255.0500030517578,11.260000228881836,689.0,150.3000030517578,5.349999904632568,8.170000076293945,291.54998779296875,285.0,28.110000610351562,84.0,47.66999816894531,31.219999313354492,68.52999877929688,3200.0,856.0999755859375,1410.0,552.0,61.5,209.0,734.4500122070312,118.5
05-12-2023- 00:00:00,94.0,138.25,888.7000122070312,66.9000015258789,4.539999961853027,72.62999725341797,319.8500061035156,478.95001220703125,17.510000228881836,213.0,7152.64990234375,52.0,85.0,5.099999904632568,14.100000381469727,41.47999954223633,249.4499969482422,804.9500122070312,9.359999656677246,2.380000114440918,398.45001220703125,557.0499877929688,521.3499755859375,8.640000343322754,21.75,82.9000015258789,5.550000190734863,31.440000534057617,10.050000190734863,895.0,62.88999938964844,146.64999389648438,2825.0,42.150001525878906,55.099998474121094,12.029999732971191,569.9000244140625,92.0,366.8999938964844,2.2300000190734863,12.819999694824219,0.75,9.420000076293945,89.88999938964844,32.0,59.400001525878906,16.700000762939453,294.95001220703125,125.3499984741211,260.3999938964844,11.260000228881836,682.7000122070312,157.35000610351562,5.349999904632568,8.170000076293945,292.04998779296875,279.0,28.549999237060547,84.0,46.75,33.70000076293945,65.51000213623047,3249.0,876.9500122070312,1412.949951171875,525.0,61.5,208.5500030517578,700.5,118.0
06-12-2023- 00:00:00,94.0,135.39999389648438,1050.0,68.23750305175781,4.539999961853027,72.62999725341797,346.0,470.04998779296875,18.3700008392334,209.9499969482422,7224.14990234375,52.0,85.0,4.889999866485596,14.510000228881836,43.54999923706055,249.0,796.0499877929688,9.359999656677246,2.380000114440918,396.8500061035156,549.5999755859375,510.0,8.640000343322754,25.940000534057617,82.9000015258789,5.550000190734863,30.350000381469727,10.100000381469727,900.5499877929688,62.9900016784668,145.0500030517578,2870.050048828125,42.0,56.25,11.5,544.5,91.0,368.29998779296875,2.25,12.850000381469727,0.7400000095367432,9.420000076293945,92.88999938964844,31.5,61.34000015258789,17.450000762939453,294.95001220703125,118.0999984741211,271.0,12.119999885559082,660.0999755859375,155.6999969482422,5.349999904632568,8.170000076293945,295.0,274.5,28.299999237060547,84.0,44.7599983215332,31.979999542236328,68.19999694824219,3199.949951171875,873.4500122070312,1420.050048828125,560.0,61.5,208.10000610351562,715.9500122070312,117.0
07-12-2023- 00:00:00,96.98999786376953,138.0,1028.0,67.01249694824219,4.539999961853027,72.62999725341797,355.0,459.8999938964844,17.760000228881836,210.5,7263.14990234375,52.0,85.0,4.800000190734863,14.170000076293945,45.720001220703125,252.14999389648438,800.0,9.359999656677246,2.380000114440918,385.95001220703125,544.0,520.0,8.640000343322754,28.790000915527344,82.9000015258789,5.599999904632568,32.59000015258789,10.399999618530273,887.0,61.5,153.3000030517578,2900.0,42.5,54.599998474121094,11.710000038146973,564.4500122070312,90.5,363.95001220703125,2.25,12.510000228881836,0.7300000190734863,9.420000076293945,94.88999938964844,31.799999237060547,64.41000366210938,17.290000915527344,294.95001220703125,117.0,255.5500030517578,12.720000267028809,660.0999755859375,156.5500030517578,5.349999904632568,8.170000076293945,297.1000061035156,280.0,28.959999084472656,84.0,45.0,32.91999816894531,64.0,3184.949951171875,862.0,1404.199951171875,553.0499877929688,61.5,207.64999389648438,708.9500122070312,119.3499984741211
08-12-2023- 00:00:00,115.0,137.0500030517578,1056.75,67.7125015258789,4.539999961853027,72.62999725341797,368.0,470.0,17.81999969482422,208.75,7260.10009765625,52.0,85.0,6.0,15.479999542236328,47.7400016784668,261.95001220703125,858.7999877929688,9.359999656677246,2.380000114440918,390.0,541.6500244140625,570.0999755859375,8.640000343322754,28.489999771118164,82.9000015258789,5.5,31.450000762939453,10.119999885559082,898.2999877929688,59.79999923706055,157.5,2900.0,42.5,59.849998474121094,11.789999961853027,592.0,91.0,359.25,2.180000066757202,12.579999923706055,0.7300000190734863,9.0600004196167,98.66999816894531,31.700000762939453,62.970001220703125,16.770000457763672,294.95001220703125,122.8499984741211,289.8999938964844,13.300000190734863,680.0,160.75,5.349999904632568,8.170000076293945,299.95001220703125,272.1000061035156,28.950000762939453,84.0,54.0,37.9900016784668,63.29999923706055,3156.5,894.9500122070312,1398.3499755859375,546.7999877929688,61.5,208.14999389648438,695.0499877929688,122.25
11-12-2023- 00:00:00,106.5999984741211,138.8000030517578,1028.0,68.0875015258789,4.539999961853027,72.62999725341797,351.6000061035156,462.5,17.510000228881836,218.0,7478.64990234375,52.0,85.0,6.400000095367432,15.109999656677246,50.400001525878906,257.45001220703125,845.5,9.359999656677246,2.309999942779541,387.3500061035156,534.5,565.3499755859375,8.640000343322754,26.420000076293945,82.9000015258789,6.190000057220459,31.5,10.279999732971191,896.0,72.0,151.14999389648438,2910.449951171875,40.81999969482422,61.0099983215332,11.789999961853027,595.0,91.33999633789062,385.54998779296875,2.200000047683716,12.59000015258789,0.7400000095367432,8.880000114440918,96.19999694824219,32.060001373291016,59.45000076293945,17.1299991607666,294.95001220703125,128.9499969482422,283.1499938964844,14.010000228881836,680.9500122070312,161.8000030517578,5.349999904632568,8.170000076293945,293.20001220703125,260.8500061035156,28.149999618530273,84.0,59.0,41.9900016784668,66.0,3225.0,835.0,1413.0,585.0,61.5,207.14999389648438,709.25,120.4000015258789
12-12-2023- 00:00:00,103.0,137.3000030517578,1039.949951171875,67.875,4.539999961853027,72.62999725341797,346.3999938964844,465.1000061035156,17.700000762939453,221.0,7601.2001953125,52.0,85.0,7.340000152587891,14.899999618530273,52.900001525878906,271.95001220703125,850.9500122070312,9.359999656677246,2.359999895095825,385.3999938964844,538.0,570.7000122070312,8.640000343322754,27.020000457763672,82.9000015258789,5.599999904632568,30.81999969482422,10.529999732971191,879.9000244140625,73.44999694824219,150.14999389648438,2933.0,43.25,65.94999694824219,11.800000190734863,619.0,91.1500015258789,379.45001220703125,2.240000009536743,12.699999809265137,0.800000011920929,8.710000038146973,96.0,33.650001525878906,61.61000061035156,20.469999313354492,294.95001220703125,134.75,286.95001220703125,13.710000038146973,680.9500122070312,161.4499969482422,5.349999904632568,8.170000076293945,292.5,255.64999389648438,28.8700008392334,84.0,62.0,43.0,63.540000915527344,3165.89990234375,856.5499877929688,1407.449951171875,574.9000244140625,61.5,207.75,700.0499877929688,119.0
13-12-2023- 00:00:00,104.55000305175781,139.5500030517578,1048.5,67.30000305175781,4.539999961853027,72.62999725341797,347.1000061035156,447.8500061035156,18.0,210.0,7447.5,52.0,85.0,8.0,14.170000076293945,55.43000030517578,266.04998779296875,855.0999755859375,9.359999656677246,2.359999895095825,376.75,544.9500122070312,596.6500244140625,8.640000343322754,28.3700008392334,82.9000015258789,5.5,31.25,10.199999809265137,874.2999877929688,71.94000244140625,151.85000610351562,2956.949951171875,43.20000076293945,61.97999954223633,11.680000305175781,604.0,90.5,392.3999938964844,2.2100000381469727,12.550000190734863,0.800000011920929,8.539999961853027,95.55000305175781,35.0,60.45000076293945,21.270000457763672,294.95001220703125,140.39999389648438,290.0,13.4399995803833,690.0,159.14999389648438,5.349999904632568,8.170000076293945,282.79998779296875,251.1999969482422,30.389999389648438,84.0,58.79999923706055,37.150001525878906,65.30000305175781,3146.89990234375,821.0499877929688,1404.550048828125,550.0,61.5,204.0,714.6500244140625,116.9000015258789
14-12-2023- 00:00:00,116.0,139.0500030517578,1079.0,68.125,4.539999961853027,72.62999725341797,348.0,456.04998779296875,18.600000381469727,211.0,7400.0,52.0,85.0,8.399999618530273,14.729999542236328,50.2599983215332,279.8999938964844,867.5999755859375,9.359999656677246,2.359999895095825,376.54998779296875,545.5999755859375,605.6500244140625,8.640000343322754,26.90999984741211,82.9000015258789,5.809999942779541,31.469999313354492,10.399999618530273,872.0999755859375,78.0,153.1999969482422,2996.949951171875,41.599998474121094,58.20000076293945,13.390000343322754,590.0,88.80000305175781,389.8500061035156,2.140000104904175,12.800000190734863,0.9900000095367432,8.880000114440918,94.26000213623047,36.099998474121094,61.15999984741211,20.75,294.95001220703125,142.35000610351562,275.5,13.180000305175781,697.9000244140625,158.6999969482422,5.349999904632568,8.170000076293945,278.1499938964844,255.89999389648438,29.920000076293945,84.0,58.20000076293945,36.95000076293945,61.849998474121094,3178.949951171875,832.9500122070312,1404.050048828125,590.0,61.5,205.0500030517578,726.25,120.55000305175781
15-12-2023- 00:00:00,122.4000015258789,138.1999969482422,1079.0,67.25,4.539999961853027,72.62999725341797,352.54998779296875,454.5,19.049999237060547,210.0,7337.89990234375,52.0,85.0,9.25,14.15999984741211,50.2599983215332,267.25,800.0,9.359999656677246,2.359999895095825,370.04998779296875,554.9000244140625,592.4500122070312,8.640000343322754,31.290000915527344,82.9000015258789,5.760000228881836,32.75,10.550000190734863,860.7999877929688,77.79000091552734,155.35000610351562,2980.050048828125,42.400001525878906,56.54999923706055,13.050000190734863,584.0,88.08999633789062,400.8999938964844,2.25,12.350000381469727,1.0199999809265137,8.880000114440918,93.37000274658203,35.599998474121094,62.040000915527344,24.790000915527344,294.95001220703125,140.39999389648438,274.0,12.920000076293945,664.5,157.8000030517578,5.349999904632568,8.170000076293945,278.6499938964844,242.0,29.799999237060547,84.0,56.0,35.0,61.790000915527344,3099.0,825.2000122070312,1407.949951171875,587.1500244140625,61.5,210.9499969482422,764.8499755859375,124.5
18-12-2023- 00:00:00,125.0,137.25,1070.050048828125,70.375,4.539999961853027,72.62999725341797,348.95001220703125,460.0,18.790000915527344,205.6999969482422,7424.9501953125,52.0,85.0,7.960000038146973,14.739999771118164,50.2599983215332,277.5,878.9500122070312,9.359999656677246,2.3499999046325684,361.54998779296875,540.0499877929688,588.0499877929688,8.640000343322754,35.400001525878906,82.9000015258789,5.949999809265137,31.799999237060547,11.0,917.1500244140625,77.79000091552734,151.35000610351562,2929.949951171875,39.959999084472656,58.79999923706055,13.760000228881836,560.0,87.1500015258789,399.95001220703125,2.319999933242798,12.199999809265137,0.9700000286102295,9.050000190734863,90.30000305175781,33.75,61.63999938964844,21.31999969482422,294.95001220703125,141.6999969482422,272.3500061035156,12.670000076293945,662.0,158.60000610351562,5.349999904632568,8.170000076293945,277.5,246.89999389648438,30.790000915527344,84.0,53.65999984741211,36.0099983215332,59.70000076293945,3066.60009765625,794.0499877929688,1418.75,590.0,61.5,206.1999969482422,780.0,123.55000305175781
19-12-2023- 00:00:00,154.99000549316406,136.60000610351562,1096.75,71.7125015258789,4.539999961853027,72.62999725341797,343.95001220703125,464.54998779296875,18.239999771118164,205.6999969482422,7506.7001953125,52.0,85.0,7.599999904632568,14.699999809265137,50.2599983215332,280.5,876.9500122070312,9.359999656677246,2.369999885559082,363.29998779296875,544.6500244140625,593.0499877929688,8.640000343322754,37.16999816894531,82.9000015258789,6.260000228881836,33.25,10.539999961853027,934.3499755859375,78.69000244140625,149.9499969482422,2971.89990234375,41.81999969482422,58.63999938964844,13.399999618530273,556.7000122070312,90.94999694824219,402.54998779296875,2.4700000286102295,12.5,0.9300000071525574,8.710000038146973,90.76000213623047,33.08000183105469,61.9900016784668,22.0,294.95001220703125,143.89999389648438,267.79998779296875,12.420000076293945,671.1500244140625,170.64999389648438,5.349999904632568,8.170000076293945,277.5,226.14999389648438,33.349998474121094,84.0,66.0,37.9900016784668,60.0099983215332,2992.0,818.0,1422.0,599.9500122070312,61.5,206.0500030517578,794.2999877929688,129.0
20-12-2023- 00:00:00,147.75999450683594,146.5,1075.800048828125,72.0875015258789,4.539999961853027,72.62999725341797,337.1000061035156,454.0,18.889999389648438,205.6999969482422,7649.89990234375,52.0,85.0,8.579999923706055,14.399999618530273,49.2599983215332,277.79998779296875,868.9000244140625,9.359999656677246,2.369999885559082,366.79998779296875,558.0,599.0499877929688,8.640000343322754,39.02000045776367,82.9000015258789,6.480000019073486,34.560001373291016,10.1899995803833,985.2999877929688,76.48999786376953,150.10000610351562,3000.14990234375,41.099998474121094,58.9900016784668,13.5,552.0,91.0999984741211,403.79998779296875,2.309999942779541,13.1899995803833,0.8899999856948853,8.539999961853027,92.76000213623047,32.41999816894531,61.349998474121094,22.18000030517578,294.95001220703125,142.10000610351562,267.0,12.65999984741211,652.1500244140625,170.9499969482422,5.349999904632568,8.170000076293945,294.29998779296875,230.10000610351562,32.38999938964844,84.0,67.4000015258789,37.97999954223633,57.9900016784668,2981.0,811.2999877929688,1427.949951171875,620.0,61.5,204.64999389648438,789.9500122070312,130.3000030517578
21-12-2023- 00:00:00,137.0,133.25,994.9500122070312,68.07499694824219,4.539999961853027,72.62999725341797,318.0,434.70001220703125,17.1200008392334,205.6999969482422,7391.35009765625,52.0,85.0,7.809999942779541,14.579999923706055,49.2599983215332,259.79998779296875,822.8499755859375,9.359999656677246,2.369999885559082,364.20001220703125,532.5,555.0499877929688,8.640000343322754,33.560001373291016,82.9000015258789,5.610000133514404,32.5,9.899999618530273,961.75,69.91999816894531,140.25,2850.0,40.0,55.619998931884766,12.350000381469727,527.5499877929688,86.0,380.1000061035156,2.0999999046325684,15.489999771118164,0.8500000238418579,8.539999961853027,86.04000091552734,31.780000686645508,56.11000061035156,19.010000228881836,294.95001220703125,130.0,238.8000030517578,12.100000381469727,640.0,156.9499969482422,5.349999904632568,8.170000076293945,285.8999938964844,235.0,28.670000076293945,84.0,58.61000061035156,33.20000076293945,55.0,3076.949951171875,794.9500122070312,1390.449951171875,595.6500244140625,61.5,199.4499969482422,745.0499877929688,122.0
22-12-2023- 00:00:00,147.0,144.8000030517578,1035.0,74.88749694824219,4.539999961853027,72.62999725341797,334.0,453.95001220703125,17.299999237060547,205.6999969482422,7275.2998046875,52.0,85.0,7.949999809265137,14.680000305175781,49.2599983215332,268.29998779296875,837.4500122070312,9.359999656677246,2.369999885559082,391.3999938964844,537.4500122070312,571.0999755859375,8.640000343322754,33.290000915527344,82.9000015258789,6.150000095367432,34.099998474121094,10.229999542236328,999.5999755859375,75.79000091552734,145.6999969482422,2902.949951171875,39.06999969482422,57.9900016784668,11.880000114440918,516.0,87.0,394.95001220703125,2.240000009536743,16.0,0.8100000023841858,8.210000038146973,108.05000305175781,31.149999618530273,64.0,20.40999984741211,294.95001220703125,133.25,262.6000061035156,11.9399995803833,677.9500122070312,165.25,5.349999904632568,8.170000076293945,289.0,220.1999969482422,30.540000915527344,84.0,61.779998779296875,33.849998474121094,56.400001525878906,3147.949951171875,790.0,1401.949951171875,625.0,61.5,199.14999389648438,743.3499755859375,130.3000030517578
26-12-2023- 00:00:00,143.0,122.19999694824219,1035.949951171875,79.88749694824219,4.539999961853027,72.62999725341797,343.45001220703125,490.6000061035156,17.299999237060547,205.6999969482422,7344.89990234375,52.0,85.0,8.149999618530273,14.479999542236328,49.2599983215332,266.3999938964844,836.4500122070312,9.359999656677246,2.4800000190734863,388.04998779296875,542.75,579.7000122070312,8.640000343322754,34.4900016784668,82.9000015258789,6.0,36.56999969482422,10.649999618530273,1015.5,75.0,147.75,2879.0,40.0,58.20000076293945,13.380000114440918,534.0,88.01000213623047,394.5,2.4000000953674316,16.440000534057617,0.7699999809265137,8.210000038146973,103.55999755859375,30.530000686645508,61.5,20.299999237060547,294.95001220703125,143.0,246.0,12.0,671.0499877929688,165.85000610351562,5.349999904632568,8.170000076293945,285.0,224.0,29.399999618530273,84.0,62.95000076293945,33.66999816894531,59.95000076293945,3145.85009765625,825.0,1389.050048828125,647.0,61.5,199.25,735.0499877929688,128.4499969482422
27-12-2023- 00:00:00,138.22999572753906,127.30000305175781,1035.0,82.5,4.539999961853027,72.62999725341797,340.3500061035156,495.6000061035156,17.670000076293945,205.6999969482422,7255.5498046875,52.0,85.0,7.650000095367432,14.699999809265137,49.2599983215332,266.95001220703125,842.6500244140625,9.359999656677246,2.4800000190734863,389.3500061035156,539.3499755859375,610.25,8.640000343322754,32.599998474121094,82.9000015258789,6.050000190734863,39.20000076293945,10.270000457763672,1004.5499877929688,74.25,149.10000610351562,2930.0,40.02000045776367,58.060001373291016,12.710000038146973,526.0,86.0199966430664,385.6499938964844,2.700000047683716,16.389999389648438,0.7400000095367432,8.210000038146973,104.02999877929688,29.920000076293945,68.5,20.40999984741211,294.95001220703125,146.9499969482422,273.0,12.199999809265137,652.2999877929688,168.64999389648438,5.349999904632568,8.170000076293945,286.0,233.89999389648438,29.25,84.0,61.779998779296875,34.900001525878906,56.79999923706055,3103.300048828125,822.0,1386.0,727.5,61.5,203.75,747.9500122070312,125.80000305175781
28-12-2023- 00:00:00,134.99000549316406,125.0999984741211,1026.449951171875,80.4749984741211,4.539999961853027,72.62999725341797,391.70001220703125,502.95001220703125,18.329999923706055,205.6999969482422,7332.10009765625,52.0,85.0,7.800000190734863,14.979999542236328,47.31999969482422,258.3999938964844,841.0,9.359999656677246,2.4800000190734863,386.8500061035156,559.0,595.0,8.640000343322754,31.59000015258789,82.9000015258789,6.199999809265137,41.0,11.0,985.0,73.95999908447266,146.64999389648438,2948.64990234375,40.810001373291016,58.959999084472656,13.25,525.7999877929688,87.0,380.3999938964844,2.690000057220459,15.489999771118164,0.7099999785423279,7.889999866485596,100.79000091552734,29.329999923706055,60.310001373291016,20.389999389648438,294.95001220703125,144.6999969482422,266.6499938964844,11.869999885559082,660.0,166.85000610351562,5.349999904632568,8.170000076293945,280.1499938964844,231.1999969482422,30.139999389648438,84.0,60.0,34.45000076293945,56.349998474121094,3155.550048828125,817.0499877929688,1366.0,742.2000122070312,61.5,199.64999389648438,761.0499877929688,124.9000015258789
29-12-2023- 00:00:00,134.0,122.5,1020.75,78.8125,4.539999961853027,72.62999725341797,377.70001220703125,490.0,18.850000381469727,205.6999969482422,7349.75,52.0,85.0,7.78000020980835,14.800000190734863,47.040000915527344,260.3999938964844,863.5,9.359999656677246,2.4800000190734863,383.79998779296875,541.1500244140625,597.0,8.640000343322754,30.899999618530273,82.9000015258789,6.150000095367432,43.209999084472656,11.4399995803833,979.8499755859375,76.30000305175781,152.64999389648438,2944.85009765625,40.81999969482422,57.20000076293945,13.0,536.0,85.0,386.8500061035156,2.450000047683716,15.399999618530273,0.6800000071525574,7.739999771118164,106.52999877929688,28.75,59.95000076293945,19.190000534057617,294.95001220703125,136.9499969482422,261.1499938964844,11.800000190734863,650.0999755859375,166.5500030517578,5.349999904632568,8.170000076293945,289.04998779296875,254.85000610351562,29.559999465942383,84.0,59.400001525878906,36.470001220703125,55.779998779296875,3153.10009765625,820.0499877929688,1366.75,724.5,61.5,199.85000610351562,757.1500244140625,124.0
01-01-2024- 00:00:00,133.60000610351562,124.19999694824219,1026.0,82.25,4.539999961853027,72.62999725341797,384.1000061035156,486.0,19.09000015258789,205.6999969482422,7495.5498046875,52.0,85.0,7.510000228881836,14.779999732971191,46.099998474121094,265.1499938964844,862.75,9.359999656677246,2.4000000953674316,399.95001220703125,543.9500122070312,599.3499755859375,8.640000343322754,33.630001068115234,82.9000015258789,6.099999904632568,45.369998931884766,11.170000076293945,971.3499755859375,81.04000091552734,154.10000610351562,2990.25,43.70000076293945,56.75,12.850000381469727,577.0,85.72000122070312,393.95001220703125,2.7200000286102295,15.579999923706055,0.6499999761581421,7.590000152587891,102.0,28.700000762939453,61.09000015258789,20.229999542236328,294.95001220703125,137.8000030517578,272.25,11.619999885559082,644.0,161.25,5.349999904632568,8.170000076293945,285.95001220703125,254.89999389648438,26.8799991607666,84.0,60.66999816894531,33.0,56.380001068115234,3061.0,823.25,1355.0,715.5999755859375,61.5,197.25,776.9500122070312,124.5999984741211
02-01-2024- 00:00:00,133.0,126.5,1048.9000244140625,86.0,4.539999961853027,72.62999725341797,382.5,503.5,18.68000030517578,205.6999969482422,7260.0498046875,52.0,85.0,7.210000038146973,14.449999809265137,45.18000030517578,286.20001220703125,865.5999755859375,9.359999656677246,2.5999999046325684,384.54998779296875,559.8499755859375,610.1500244140625,8.640000343322754,34.400001525878906,82.9000015258789,5.699999809265137,47.630001068115234,10.899999618530273,972.4000244140625,80.88999938964844,160.0,2975.75,44.9900016784668,57.939998626708984,12.75,585.0,85.97000122070312,394.0,2.4200000762939453,15.010000228881836,0.6499999761581421,7.590000152587891,102.1500015258789,27.6200008392334,61.58000183105469,21.190000534057617,294.95001220703125,140.89999389648438,264.3999938964844,11.800000190734863,686.7000122070312,164.25,5.349999904632568,8.170000076293945,284.54998779296875,253.1999969482422,25.860000610351562,84.0,61.189998626708984,33.849998474121094,57.36000061035156,3119.949951171875,835.5499877929688,1385.75,727.9000244140625,61.5,198.39999389648438,765.0,126.55000305175781
03-01-2024- 00:00:00,135.0,129.75,1105.0,91.0,4.539999961853027,72.62999725341797,361.6000061035156,491.8500061035156,18.700000762939453,205.6999969482422,7317.5498046875,52.0,85.0,7.03000020980835,16.18000030517578,46.08000183105469,280.1499938964844,884.75,9.359999656677246,2.5999999046325684,388.70001220703125,548.1500244140625,624.4000244140625,8.640000343322754,35.9900016784668,82.9000015258789,5.5,50.0099983215332,11.489999771118164,984.9000244140625,79.98999786376953,158.39999389648438,2932.89990234375,45.349998474121094,56.54999923706055,12.989999771118164,561.0,85.91999816894531,434.0,2.4800000190734863,14.960000038146973,0.6100000143051147,7.429999828338623,101.80000305175781,27.790000915527344,60.970001220703125,21.200000762939453,294.95001220703125,139.0,264.5,11.880000114440918,662.25,175.64999389648438,5.349999904632568,8.170000076293945,288.1499938964844,236.5,26.149999618530273,84.0,59.5,33.560001373291016,57.9900016784668,3086.5,834.9500122070312,1382.9000244140625,724.4500122070312,61.5,198.75,743.5999755859375,128.75
04-01-2024- 00:00:00,135.75,129.60000610351562,1118.949951171875,88.75,4.539999961853027,72.62999725341797,391.0,487.79998779296875,18.010000228881836,205.6999969482422,7499.9501953125,52.0,85.0,7.010000228881836,17.040000915527344,46.08000183105469,287.6499938964844,889.8499755859375,9.359999656677246,2.5999999046325684,402.8999938964844,548.1500244140625,620.7000122070312,8.640000343322754,34.5,82.9000015258789,6.150000095367432,52.5099983215332,12.0,995.6500244140625,82.05000305175781,158.25,3003.050048828125,45.0099983215332,59.15999984741211,12.989999771118164,575.9500122070312,89.0,442.75,2.4600000381469727,15.199999809265137,0.5799999833106995,7.300000190734863,106.0,28.729999542236328,62.25,21.229999542236328,294.95001220703125,142.3000030517578,265.6000061035156,11.800000190734863,660.0,175.75,5.349999904632568,8.170000076293945,288.8999938964844,244.85000610351562,25.950000762939453,84.0,59.5,34.959999084472656,57.09000015258789,3057.0,824.0,1395.0,723.0,61.5,200.14999389648438,738.9500122070312,128.5
05-01-2024- 00:00:00,130.5,130.89999389648438,1130.0,90.44999694824219,4.539999961853027,72.62999725341797,373.0,482.1000061035156,18.989999771118164,205.6999969482422,7392.5,52.0,85.0,7.690000057220459,16.40999984741211,46.08000183105469,320.3999938964844,924.75,9.359999656677246,2.5999999046325684,408.29998779296875,556.0,619.2000122070312,8.640000343322754,34.400001525878906,82.9000015258789,6.050000190734863,55.130001068115234,12.25,980.0,84.88999938964844,160.85000610351562,3006.800048828125,45.599998474121094,58.790000915527344,14.539999961853027,570.0,90.9000015258789,438.54998779296875,2.569999933242798,15.079999923706055,0.6399999856948853,7.300000190734863,106.1500015258789,28.729999542236328,62.18000030517578,22.100000381469727,294.95001220703125,133.0,264.1499938964844,12.0,688.7999877929688,173.5500030517578,5.349999904632568,8.170000076293945,286.0,238.0,25.280000686645508,84.0,62.5,34.54999923706055,55.2400016784668,3100.0,841.0499877929688,1424.949951171875,767.9000244140625,61.5,200.1999969482422,733.7999877929688,130.89999389648438
08-01-2024- 00:00:00,132.8000030517578,128.85000610351562,1161.699951171875,92.0,4.539999961853027,72.62999725341797,379.0,497.29998779296875,19.450000762939453,195.4499969482422,7441.7001953125,52.0,85.0,8.09000015258789,18.739999771118164,45.15999984741211,327.6000061035156,899.8499755859375,9.359999656677246,2.7300000190734863,404.3500061035156,569.6500244140625,614.9500122070312,8.640000343322754,34.810001373291016,82.9000015258789,6.300000190734863,57.79999923706055,13.609999656677246,976.1500244140625,80.1500015258789,157.64999389648438,2960.14990234375,45.08000183105469,58.36000061035156,13.630000114440918,571.75,92.30000305175781,453.3500061035156,2.5999999046325684,16.100000381469727,0.6600000262260437,7.639999866485596,111.94999694824219,29.290000915527344,61.790000915527344,21.760000228881836,294.95001220703125,141.89999389648438,268.0,12.279999732971191,670.0,172.1999969482422,5.349999904632568,8.170000076293945,283.04998779296875,241.89999389648438,24.719999313354492,84.0,62.400001525878906,33.150001525878906,57.9900016784668,3088.0,842.9500122070312,1428.949951171875,775.0,61.5,198.85000610351562,742.8499755859375,133.6999969482422
09-01-2024- 00:00:00,127.80000305175781,126.1500015258789,1184.050048828125,86.1500015258789,4.539999961853027,72.62999725341797,424.0,481.75,19.760000228881836,195.4499969482422,7434.64990234375,52.0,85.0,8.050000190734863,19.670000076293945,45.15999984741211,319.0,883.7000122070312,9.359999656677246,2.7300000190734863,404.8500061035156,565.0,595.25,8.640000343322754,32.900001525878906,82.9000015258789,6.519999980926514,60.75,14.300000190734863,971.5,87.86000061035156,157.89999389648438,2990.10009765625,43.95000076293945,55.54999923706055,16.100000381469727,574.75,91.51000213623047,450.29998779296875,2.5799999237060547,15.989999771118164,0.6899999976158142,7.789999961853027,113.8499984741211,30.34000015258789,59.79999923706055,21.06999969482422,294.95001220703125,136.0,282.3999938964844,12.520000457763672,681.0,170.6999969482422,5.349999904632568,8.170000076293945,287.8999938964844,237.0,26.5,84.0,61.70000076293945,34.5,55.25,3012.0,841.9500122070312,1418.949951171875,810.0,61.5,197.0500030517578,713.0999755859375,133.0500030517578
10-01-2024- 00:00:00,129.9499969482422,131.9499969482422,1223.949951171875,82.9000015258789,4.539999961853027,72.62999725341797,449.79998779296875,495.0,18.670000076293945,195.4499969482422,7374.0,52.0,85.0,8.020000457763672,20.649999618530273,45.13999938964844,321.25,887.9000244140625,9.359999656677246,2.7300000190734863,399.8999938964844,555.5,595.0,8.640000343322754,32.88999938964844,82.9000015258789,7.179999828338623,63.79999923706055,14.149999618530273,965.0,85.38999938964844,155.89999389648438,3015.949951171875,44.9900016784668,56.75,15.850000381469727,542.0,91.30000305175781,448.1000061035156,2.319999933242798,15.3100004196167,0.7300000190734863,7.989999771118164,117.94999694824219,30.34000015258789,62.54999923706055,21.559999465942383,294.95001220703125,133.5,285.6000061035156,12.770000457763672,650.0499877929688,174.14999389648438,5.349999904632568,8.170000076293945,287.8999938964844,248.75,26.860000610351562,84.0,64.0,33.959999084472656,52.54999923706055,2912.35009765625,839.9500122070312,1398.550048828125,840.0,61.5,195.3000030517578,711.5999755859375,134.39999389648438
11-01-2024- 00:00:00,127.0,130.75,1223.949951171875,82.75,4.539999961853027,72.62999725341797,469.0,535.3499755859375,19.200000762939453,195.4499969482422,7295.0,52.0,85.0,8.289999961853027,21.68000030517578,42.52000045776367,337.75,894.0,9.359999656677246,2.7300000190734863,423.6000061035156,555.5499877929688,597.4500122070312,8.640000343322754,32.880001068115234,82.9000015258789,8.229999542236328,66.98999786376953,12.270000457763672,989.0499877929688,86.73999786376953,158.64999389648438,3109.800048828125,44.0,57.09000015258789,14.699999809265137,547.0,90.01000213623047,448.1499938964844,2.5199999809265137,15.699999809265137,0.699999988079071,7.989999771118164,119.75,30.899999618530273,63.209999084472656,21.450000762939453,294.95001220703125,130.89999389648438,275.6499938964844,12.800000190734863,641.75,171.39999389648438,5.349999904632568,8.170000076293945,284.8999938964844,264.95001220703125,27.770000457763672,84.0,66.30000305175781,33.9900016784668,55.599998474121094,3080.0,821.5,1389.800048828125,835.0,61.5,198.8000030517578,718.9000244140625,135.14999389648438
12-01-2024- 00:00:00,129.25,132.5500030517578,1209.1500244140625,82.0,4.539999961853027,72.62999725341797,454.75,529.0,18.799999237060547,195.4499969482422,7370.7001953125,52.0,85.0,8.0,22.760000228881836,42.52000045776367,337.5,913.9000244140625,9.359999656677246,2.7300000190734863,412.5,549.9000244140625,628.8499755859375,8.640000343322754,33.209999084472656,82.9000015258789,8.640000343322754,70.33000183105469,12.25,992.4000244140625,85.97000122070312,167.0500030517578,3079.85009765625,45.95000076293945,59.0,15.489999771118164,540.0,99.94999694824219,447.0,2.740000009536743,16.260000228881836,0.6700000166893005,8.399999618530273,117.1500015258789,30.0,68.0,21.450000762939453,294.95001220703125,133.9499969482422,294.70001220703125,13.020000457763672,650.2999877929688,172.75,5.349999904632568,8.170000076293945,285.8500061035156,286.29998779296875,26.84000015258789,84.0,67.30000305175781,33.95000076293945,52.18000030517578,3200.0,836.9000244140625,1399.8499755859375,855.0,61.5,202.75,719.0499877929688,140.0500030517578
15-01-2024- 00:00:00,130.0,131.9499969482422,1215.25,83.19999694824219,4.539999961853027,72.62999725341797,460.0,517.4500122070312,18.690000534057617,195.4499969482422,7310.10009765625,52.0,85.0,8.050000190734863,23.889999389648438,42.52000045776367,336.25,894.0499877929688,9.359999656677246,2.680000066757202,415.1499938964844,556.8499755859375,630.3499755859375,8.640000343322754,32.5,82.9000015258789,8.979999542236328,72.98999786376953,11.649999618530273,965.0,84.93000030517578,166.14999389648438,3073.0,46.150001525878906,56.75,14.739999771118164,545.0,102.44999694824219,438.5,3.2100000381469727,17.489999771118164,0.6899999976158142,8.1899995803833,122.55000305175781,30.270000457763672,66.4000015258789,20.579999923706055,294.95001220703125,134.0,298.04998779296875,13.140000343322754,695.8499755859375,173.5500030517578,5.349999904632568,8.170000076293945,288.95001220703125,300.6000061035156,27.829999923706055,84.0,65.30999755859375,33.75,54.349998474121094,3270.0,840.9500122070312,1380.5,860.0,61.5,200.0,713.75,139.8000030517578
16-01-2024- 00:00:00,127.30000305175781,130.14999389648438,1205.300048828125,81.80000305175781,4.539999961853027,72.62999725341797,459.95001220703125,538.8499755859375,19.5,195.4499969482422,7275.0,52.0,85.0,7.889999866485596,22.700000762939453,42.52000045776367,330.8999938964844,902.0499877929688,9.359999656677246,2.859999895095825,409.6499938964844,554.2999877929688,765.7999877929688,8.640000343322754,32.86000061035156,82.9000015258789,9.260000228881836,76.30000305175781,10.600000381469727,954.9500122070312,83.51000213623047,168.14999389648438,3088.0,49.900001525878906,57.79999923706055,15.0,512.0,101.3499984741211,446.0,3.369999885559082,16.670000076293945,0.6399999856948853,8.369999885559082,120.19999694824219,30.0,63.59000015258789,21.200000762939453,294.95001220703125,132.9499969482422,292.0,12.899999618530273,651.5,174.5,5.349999904632568,8.170000076293945,290.75,294.6000061035156,26.440000534057617,84.0,64.62999725341797,32.33000183105469,51.0,3199.0,833.9500122070312,1375.0999755859375,810.0,61.5,198.3000030517578,714.0,135.14999389648438
17-01-2024- 00:00:00,123.5,128.35000610351562,1181.0,81.1500015258789,4.539999961853027,72.62999725341797,431.8999938964844,515.0,19.84000015258789,195.4499969482422,7091.0498046875,52.0,85.0,7.349999904632568,22.700000762939453,42.52000045776367,318.8500061035156,880.0,9.359999656677246,2.859999895095825,408.75,545.5499877929688,807.7000122070312,8.640000343322754,29.25,82.9000015258789,9.6899995803833,77.9800033569336,10.520000457763672,974.7000122070312,84.9800033569336,162.39999389648438,3029.89990234375,49.5,57.5,14.4399995803833,525.0,97.37999725341797,435.04998779296875,3.5299999713897705,15.899999618530273,0.5799999833106995,8.0,115.0,29.010000228881836,59.11000061035156,19.899999618530273,294.95001220703125,135.9499969482422,280.0,12.489999771118164,694.0,170.9499969482422,5.349999904632568,8.170000076293945,282.5,288.75,26.31999969482422,84.0,63.9900016784668,32.689998626708984,51.34000015258789,3070.0,865.2000122070312,1381.0,800.0,61.5,196.3000030517578,710.5499877929688,132.1999969482422
18-01-2024- 00:00:00,120.0,128.35000610351562,1181.0,81.1500015258789,4.539999961853027,72.62999725341797,431.8999938964844,515.0,19.25,195.4499969482422,7091.0498046875,52.0,85.0,7.389999866485596,23.899999618530273,42.52000045776367,318.8500061035156,880.0,9.359999656677246,2.859999895095825,408.75,545.5499877929688,807.7000122070312,8.640000343322754,29.25,82.9000015258789,9.6899995803833,73.5,10.520000457763672,974.7000122070312,84.9800033569336,162.39999389648438,3029.89990234375,56.9900016784668,57.5,13.619999885559082,525.0,96.0,435.04998779296875,3.700000047683716,15.899999618530273,0.5600000023841858,8.0,115.0,29.010000228881836,59.11000061035156,19.899999618530273,294.95001220703125,124.4000015258789,280.0,12.489999771118164,661.0,170.9499969482422,5.349999904632568,8.170000076293945,282.5,288.75,26.31999969482422,84.0,64.0,34.900001525878906,52.5,3140.0,865.2000122070312,1381.0,798.0,61.5,196.3000030517578,710.5499877929688,132.1999969482422
19-01-2024- 00:00:00,123.0,126.4000015258789,1171.75,80.5999984741211,4.539999961853027,72.62999725341797,454.70001220703125,510.45001220703125,20.399999618530273,195.4499969482422,6975.9501953125,52.0,85.0,7.5,22.700000762939453,41.66999816894531,319.1499938964844,843.7000122070312,9.359999656677246,2.859999895095825,406.0,540.25,869.7000122070312,8.640000343322754,30.790000915527344,82.9000015258789,10.979999542236328,75.0,10.8100004196167,970.0,83.25,161.85000610351562,3052.60009765625,56.849998474121094,56.209999084472656,13.800000190734863,528.0,100.1500015258789,442.54998779296875,3.880000114440918,15.100000381469727,0.6000000238418579,8.609999656677246,120.94999694824219,28.010000228881836,66.0,21.190000534057617,294.95001220703125,129.14999389648438,277.3500061035156,12.300000190734863,631.7999877929688,170.0,5.349999904632568,8.170000076293945,284.3500061035156,277.3500061035156,25.309999465942383,84.0,64.0,33.0,57.0,3075.949951171875,850.0,1326.050048828125,805.0,61.5,195.0,729.9500122070312,130.8000030517578
22-01-2024- 00:00:00,123.0,126.4000015258789,1171.75,80.5999984741211,4.539999961853027,72.62999725341797,454.70001220703125,510.45001220703125,20.399999618530273,195.4499969482422,6975.9501953125,52.0,85.0,7.5,22.700000762939453,41.66999816894531,319.1499938964844,843.7000122070312,9.359999656677246,2.859999895095825,406.0,540.25,869.7000122070312,8.640000343322754,30.790000915527344,82.9000015258789,10.979999542236328,75.0,10.8100004196167,970.0,83.25,161.85000610351562,3052.60009765625,56.849998474121094,56.209999084472656,13.800000190734863,528.0,100.1500015258789,442.54998779296875,3.880000114440918,15.100000381469727,0.6000000238418579,8.609999656677246,120.94999694824219,28.010000228881836,66.0,21.190000534057617,294.95001220703125,129.14999389648438,277.3500061035156,12.300000190734863,631.7999877929688,170.0,5.349999904632568,8.170000076293945,284.3500061035156,277.3500061035156,25.309999465942383,84.0,64.0,33.0,57.0,3075.949951171875,850.0,1326.050048828125,805.0,61.5,195.0,729.9500122070312,130.8000030517578
23-01-2024- 00:00:00,121.5999984741211,127.05000305175781,1199.949951171875,79.69999694824219,4.539999961853027,72.62999725341797,427.45001220703125,528.5499877929688,26.899999618530273,176.4499969482422,7013.25,52.0,85.0,8.15999984741211,22.700000762939453,39.0,311.8500061035156,879.0499877929688,9.359999656677246,3.0,400.79998779296875,533.7000122070312,888.9000244140625,8.640000343322754,32.54999923706055,82.9000015258789,9.770000457763672,76.5,11.100000381469727,994.75,82.08000183105469,163.4499969482422,3055.0,52.72999954223633,56.04999923706055,13.8100004196167,530.25,101.0,428.1499938964844,4.260000228881836,15.0,0.5799999833106995,9.489999771118164,118.05000305175781,30.100000381469727,68.05000305175781,20.450000762939453,294.95001220703125,126.30000305175781,268.75,12.819999694824219,659.8499755859375,186.5500030517578,5.349999904632568,8.170000076293945,281.0,277.20001220703125,25.549999237060547,84.0,65.4000015258789,37.0099983215332,51.939998626708984,3088.0,864.2000122070312,1360.0999755859375,844.7999877929688,61.5,194.64999389648438,713.75,136.0
24-01-2024- 00:00:00,111.0,123.94999694824219,1137.25,77.0,4.539999961853027,72.62999725341797,448.8999938964844,510.8999938964844,23.43000030517578,194.6999969482422,6918.7001953125,52.0,85.0,7.769999980926514,21.8700008392334,39.0,301.0,824.6500244140625,9.359999656677246,3.0,382.75,519.7999877929688,803.0,8.640000343322754,29.940000534057617,82.9000015258789,9.289999961853027,76.4000015258789,11.130000114440918,957.7000122070312,75.97000122070312,158.35000610351562,2928.0,47.150001525878906,56.689998626708984,13.510000228881836,515.7999877929688,94.80999755859375,415.6000061035156,4.480000019073486,14.569999694824219,0.5299999713897705,9.329999923706055,109.05000305175781,28.3799991607666,60.11000061035156,19.920000076293945,294.95001220703125,125.0,252.0,12.25,636.0,188.9499969482422,5.349999904632568,8.170000076293945,270.04998779296875,277.3500061035156,24.530000686645508,84.0,62.400001525878906,37.900001525878906,51.900001525878906,3030.35009765625,837.0999755859375,1325.199951171875,838.9500122070312,61.5,189.8000030517578,717.0,131.75
25-01-2024- 00:00:00,116.80000305175781,124.69999694824219,1121.300048828125,79.8499984741211,4.539999961853027,72.62999725341797,420.0,511.3500061035156,24.389999389648438,194.6999969482422,6860.0498046875,52.0,85.0,8.350000381469727,21.100000381469727,39.0,298.8999938964844,844.8499755859375,9.359999656677246,3.0,399.5,533.1500244140625,832.0,8.640000343322754,30.790000915527344,82.9000015258789,8.829999923706055,75.0,10.520000457763672,984.4000244140625,76.25,160.0,2910.449951171875,53.9900016784668,53.709999084472656,15.4399995803833,520.0,97.9000015258789,434.8500061035156,4.699999809265137,14.789999961853027,0.550000011920929,9.449999809265137,110.44999694824219,29.690000534057617,63.5,20.049999237060547,294.95001220703125,129.8000030517578,256.04998779296875,12.600000381469727,635.0,191.0500030517578,5.349999904632568,8.170000076293945,278.20001220703125,272.79998779296875,26.1200008392334,84.0,63.25,38.290000915527344,50.45000076293945,3028.0,860.0499877929688,1337.800048828125,825.0,61.5,197.60000610351562,730.9500122070312,135.6999969482422
